[{"id":1,"first_name":"Waleeeeee","last_name":"Spurden","email":"wspurden0@reverbnation.com","gender":"Female","active":false},{"id":2,"first_name":"Calley","last_name":"Albion","email":"calbion1@goodreads.com","gender":"Female","active":"false"},{"id":3,"first_name":"Juan","last_name":"Shearsby","email":"jshearsby2@discovery.com","gender":"Male","active":false},{"first_name":"Carlynnnnnnnnn","last_name":"Jarnell","email":"cjarnell3@dedecms.com","gender":"Female","id":"4","active":"true"},{"id":5,"first_name":"Maegan","last_name":"Lowbridge","email":"mlowbridge4@drupal.org","gender":"Female","active":"false"},{"id":6,"first_name":"Ambur","last_name":"Aloway","email":"aaloway5@pinterest.com","gender":"Female","active":false},{"id":7,"first_name":"Merola","last_name":"Bartocci","email":"mbartocci6@mozilla.com","gender":"Female","active":"false"},{"id":8,"first_name":"Phelia","last_name":"Vaz","email":"pvaz7@linkedin.com","gender":"Female","active":"false"},{"id":9,"first_name":"Loria","last_name":"Stibbs","email":"lstibbs8@reddit.com","gender":"Female","active":"true"},{"id":10,"first_name":"Brockie","last_name":"Tulleth","email":"btulleth9@flavors.me","gender":"Male","active":"false"},{"first_name":"aw","last_name":"sdfsdasda","email":"asdas","gender":"asd","id":11,"active":"true"},{"first_name":"sadfs","last_name":"sdf","email":"sdf","gender":"sdf","id":12,"active":"true"}]